AC;AC1;AC2;AC3;AC4;AGE;C1;C2;C3;EP;EP1;EP2;EP3;EP4;EXP;id;JP;JS;JS1;JS2;JS3;JS4;JS5;OC;OC1;OC2;OC3;OC4;SI;SI1;SI2;SI3;SI4
-1.294570575;1;2;1;1;42.03913534;1;0;1;;10;10;5;;6;1;5;-0.224992189;5;4;3;3;23.30757134;-0.363894117;3;5;10;10;-0.369676203;4;4;3;3
-1.256848421;2;1;1;1;32.18686229;1;1;1;0.867895561;10;10;10;7;5.75;2;4;-0.554784989;3;4;3;2;42.61736317;-1.6608885;0;5;3;7;0.388157736;5;4;4;4
-0.827400488;1;4;1;2;42.77374243;1;1;1;0.867895561;10;10;10;7;1;3;5;-0.515936586;4;2;2;3;60.4770963;0.780682268;6;10;10;10;1.281288233;5;5;5;5
-1.256848421;2;1;1;1;26.22598372;1;0;1;0.65937665;10;10;9;7;3;4;5;-0.13101332;4;5;4;2;33.41836727;-0.329977095;7;7;10;7;0.222362752;5;4;3;4
-1.086308282;1;1;2;2;36.92131173;1;1;1;0.435375515;10;9;10;6;14;5;5;0.001166865;5;4;3;2;57.53855328;0.321447647;2;10;9;9;0.641471998;5;5;3;4
-1.294570575;1;2;1;1;35.18373164;1;0;1;0.048831145;8;10;7;7;8;6;4;1.091082283;6;6;5;3;61.94308453;-0.480618563;5;8;7;7;-0.085863515;5;4;3;3
-0.062443915;2;4;3;3;44.26647363;1;1;1;0.130102763;9;9;9;6;12.5;7;5;-0.520300753;2;3;6;4;10.98075127;0.595447319;6;10;10;9;0.973061966;5;5;5;4
-1.138110323;1;1;1;3;49.64253732;1;1;1;0.867895561;10;10;10;7;0.2;8;5;-1.842971437;2;2;1;1;21.08330647;-0.155559878;4;9;9;7;-0.795920174;3;4;4;2
-0.181182012;3;4;3;1;27.45370587;1;0;1;-1.472730129;8;6;8;3;0.34;9;4;-0.208582758;4;5;1;1;79.6905488;0.921887248;9;10;10;10;-1.546619387;3;3;2;2
-0.322066115;2;4;1;4;47.07380108;1;0;1;0.450857739;10;10;8;7;5.274950065;10;5;-0.621957898;5;3;2;2;32.95954483;0.447213295;5;9;9;10;-0.369676203;4;4;3;3
0.844008755;4;4;4;5;47.4038129;1;0;1;0.65937665;10;10;9;7;0.5;11;5;1.097277245;4;7;5;3;79.09330039;0.921887248;9;10;10;10;1.281288233;5;5;5;5
0.271908185;4;5;2;3;33.20366474;1;1;1;0.65937665;10;10;9;7;6.786410362;12;5;0.643813245;5;4;4;4;70.91493643;0.686545614;4;10;10;10;0.104345048;4;4;4;4
-0.77471418;1;2;2;3;49.31297435;1;0;1;-0.424929452;8;9;8;5;10;13;5;-0.836009521;2;4;3;1;49.56819133;-1.799055123;1;5;3;6;1.115493249;5;5;4;5
-1.450146559;1;1;1;1;39.79049432;1;1;1;-0.607690036;8;8;8;5;5;14;5;0.128654736;4;4;3;3;70.41571324;-1.964666765;0;0;9;8;-1.23839312;3;3;2;3
0.041330028;2;5;2;4;47.46290028;1;0;1;0.130102763;9;9;9;6;7.840908817;15;5;-0.225302612;4;4;4;2;41.76727555;0.356114999;7;9;9;9;0.049433043;4;5;3;3
0.220820552;4;2;4;3;40.54514128;1;1;1;0.674387879;8;10;10;7;5.851644746;16;4;0.542879249;4;4;5;4;65.98923312;0.686545614;4;10;10;10;0.333245731;5;5;3;3
0.546936675;3;3;5;4;45.7957441;1;1;1;0.521382259;9;10;10;6;12.98616557;17;5;-0.580642959;3;4;2;2;53.1439333;0.02967507;4;9;9;8;0.641471998;5;5;3;4
-0.530056134;2;3;3;1;33.18584432;1;0;1;0.867895561;10;10;10;7;10.92751634;18;5;0.948281466;5;6;3;3;91.68198755;0.827750594;7;10;10;10;1.281288233;5;5;5;5
-1.138552457;1;2;1;2;51.51652985;1;0;1;0.65937665;10;10;9;7;11.4654188;19;3;-0.816574184;3;2;4;1;54.92171444;0.827750594;7;10;10;10;1.281288233;5;5;5;5
-0.77471418;1;2;2;3;47.11376533;1;1;1;0.65937665;10;10;9;7;11.56616892;20;5;0.174630727;5;4;3;3;57.83279111;0.780682268;6;10;10;10;-0.67790247;4;4;3;2
-1.03450624;1;1;3;1;37.23783781;1;0;1;0.867895561;10;10;10;7;5;21;3;-0.871541895;2;4;2;2;44.56686143;-2.039694815;5;3;7;4;-0.085863515;5;4;3;3
0.96230472;3;5;4;6;57.88680751;1;1;1;0.867895561;10;10;10;7;9.190456278;22;5;1.255561923;6;4;5;4;94.45110308;0.780682268;6;10;10;10;1.281288233;5;5;5;5
-0.388117905;3;2;2;3;41.08701491;1;0;1;0.867895561;10;10;10;7;7.568808136;23;4;-1.201802392;3;4;1;1;26.93181931;0.733613941;5;10;10;10;0.641471998;5;5;3;4
-1.063550284;3;1;1;1;42.78307247;1;0;1;-0.466170002;8;9;9;4;8.931277831;24;5;-0.339954148;4;4;3;1;59.3146552;-1.030951479;3;8;6;5;-0.487693907;3;4;4;3
-0.374038016;2;3;3;2;37.05620414;1;0;1;-1.613244181;0;4;8;7;0.5;25;3;1.047351107;7;5;4;4;56.17341266;0.827750594;7;10;10;10;-1.380824404;3;3;3;2
-1.256848421;2;1;1;1;36.4270399;1;0;1;0.65937665;10;10;9;7;7.708148837;26;4;0.462399357;4;6;3;3;66.259443;0.426402032;7;8;10;10;-0.203881219;4;4;4;3
-1.101272437;2;2;1;1;37.94745366;1;0;1;-0.51892947;7;4;10;7;9.044001991;27;5;0.482484793;4;5;4;3;71.72914176;-0.873280967;3;8;10;4;-1.097011716;4;3;3;2
-0.945696453;2;3;1;1;41.16772823;1;1;1;-1.896721912;0;7;10;2;0.3;28;3;-0.37717744;4;4;3;2;41.40668294;-0.822497824;2;7;7;7;-1.380824404;3;3;3;2
-1.086750415;1;2;2;1;40.90100685;1;1;1;-0.521683293;7;9;8;5;11.35805689;29;3;0.366766843;6;6;3;2;39.57941583;-0.441960525;4;8;8;7;-0.061449936;4;4;3;4
-1.138552457;1;2;1;2;42.68079444;1;0;1;0.867895561;10;10;10;7;10.92671649;30;5;0.940272212;4;6;4;4;80.09238558;0.109003306;9;10;7;7;-1.546619387;3;3;2;2
-1.256848421;2;1;1;1;39.58819647;1;1;1;-1.345482835;7;7;7;4;7.633451169;31;3;-1.616838021;3;1;2;2;13.10733689;-1.292476305;2;7;8;4;-1.097011716;4;3;3;2
-1.138552457;1;2;1;2;51.71445053;1;0;1;-1.173469348;5;9;7;4;0.5;32;5;0.950525613;4;5;5;5;70.0205658;0.450251653;9;9;9;9;-1.072598137;3;3;3;3
-0.336315863;3;2;3;2;43.57569363;1;0;1;0.65937665;10;10;9;7;11.19269672;33;5;-0.193630576;4;4;3;1;71.95620618;0.462652627;5;10;9;9;0.689249278;4;5;5;4
-0.930732297;1;2;2;2;50.70749311;1;1;1;-1.10720896;8;8;8;3;9.37189489;34;5;-0.513860904;5;4;2;1;40.49563073;-0.256725576;4;8;8;8;-0.653488891;3;4;3;3
-0.930732297;1;2;2;2;48.3531128;1;1;1;-0.242168867;8;10;8;5;7.791011008;35;5;0.479380895;5;5;5;1;71.52960055;-2.374545031;0;3;8;3;-1.830432075;2;3;2;2
-0.26982194;2;3;2;4;52.88131157;1;1;1;-0.06340492;7;9;9;6;2;36;5;0.762252351;5;6;5;2;64.78106819;0.780682268;6;10;10;10;0.973061966;5;5;5;4
-0.945254319;2;2;1;2;41.68751645;1;0;1;-0.607690036;8;8;8;5;11.50880715;37;5;-0.097518277;2;4;4;3;71.22504304;-0.209657249;5;8;8;8;-0.085863515;5;4;3;3
-0.180297745;3;2;3;3;47.20451152;1;1;1;-0.119656699;9;9;9;5;7.085269123;38;4;0.942987051;4;6;4;4;80.32693273;0.314418603;4;9;8;10;-0.788785449;4;3;3;3
0.338232249;3;5;4;2;32.21470871;1;0;1;0.867895561;10;10;10;7;9.725863331;39;5;-1.408061996;3;2;2;1;29.34153671;0.285827966;7;10;8;8;-0.369676203;4;4;3;3
-1.138110323;1;1;1;3;52.65334481;1;0;1;0.77114172;9;10;10;7;8.793757071;40;5;-0.630234061;3;5;3;1;34.29607953;0.639477288;3;10;10;10;0.807266982;5;5;4;4
-0.336315863;3;2;3;2;38.96174308;1;1;1;0.867895561;10;10;10;7;6.74092021;41;5;0.222424024;5;4;4;3;49.2013125;-0.350862229;2;8;8;8;-0.653488891;3;4;3;3
0.056736317;1;3;3;6;61.16127905;1;1;1;0.77114172;9;10;10;7;19.71001016;42;5;-0.030932144;4;4;3;2;71.32037025;0.595447319;6;10;10;9;0.073846622;3;5;3;4
-1.138552457;1;2;1;2;51.08805242;1;1;1;-4.285639439;0;1;5;1;7.747752055;43;3;-0.051903488;4;4;3;3;54.81647682;-1.508589919;2;5;8;5;-3.00737526;1;2;1;1
-1.294570575;1;2;1;1;36.10250616;1;1;1;0.867895561;10;10;10;7;4.952448222;44;3;0.189091843;4;4;4;3;62.87659014;0.874818921;8;10;10;10;-0.061449936;4;4;3;4
-0.388117905;3;2;2;3;41.4355333;1;0;1;0.130102763;9;9;9;6;2.641152513;45;5;1.744207311;6;6;6;5;76.22476522;0.450251653;9;9;9;9;-0.314764198;4;3;4;4
-0.737876294;2;3;2;1;44.14140274;1;1;1;-1.52149296;8;3;8;5;8.360632877;46;2;1.097852454;4;6;4;5;79.01436614;-0.350862229;2;8;8;8;-0.369676203;4;4;3;3
-1.450146559;1;1;1;1;47.6258141;1;1;1;-1.069965047;7;6;8;5;7.363512502;47;3;-1.283751988;3;3;1;1;36.3468094;-2.760454261;0;2;8;2;-0.937301579;2;4;3;3
-0.596822331;3;4;1;1;38.03170952;1;1;1;0.77114172;9;10;10;7;12.48174888;48;5;1.164395034;6;6;6;4;40.82426142;-0.314611634;0;10;7;7;0.973061966;5;5;5;4
-1.063550284;3;1;1;1;33.22892464;1;0;1;0.130102763;9;9;9;6;10.0166377;49;3;0.946955101;5;6;5;3;66.04628411;-1.269257599;1;6;9;5;0.104345048;4;4;4;4
0.880846642;5;5;4;3;36.82987094;1;1;1;0.002855469;10;8;10;5;4.845068302;50;2;0.148832402;6;4;4;2;40.98049169;0.694955902;6;10;9;10;1.281288233;5;5;5;5
-0.633660217;2;3;1;3;49.03364795;1;1;1;0.577634038;7;10;10;7;12.333269;51;5;0.334691808;5;3;3;4;73.46408654;0.780682268;6;10;10;10;0.35765931;4;5;3;4
-0.788794068;2;1;1;4;53.33316685;1;1;1;0.6181361;10;10;10;6;10.32277423;52;5;-1.43182463;3;1;2;1;43.78356;0.592408961;2;10;10;10;0.641471998;5;5;3;4
-1.294128441;1;1;1;2;47.69925757;1;1;1;0.867895561;10;10;10;7;11.71965257;53;2;1.387962317;7;5;2;5;96.42937398;-2.00241802;0;4;10;3;0.222362752;5;4;3;4
-1.450146559;1;1;1;1;45.48498489;1;1;1;-3.070827894;5;5;5;1;10.5210089;54;2;-1.192465156;3;3;2;1;31.47293275;-0.634224517;6;7;7;7;-2.415336305;2;2;1;2
-1.450146559;1;1;1;1;34.2734585;1;0;1;0.319613807;10;7;10;7;0.139133192;55;5;0.062424434;3;5;3;3;64.75379045;0.373887904;1;10;8;10;-0.369676203;4;4;3;3
-0.218019899;2;3;3;3;42.70698846;1;1;1;0.190618673;3;10;10;7;8.375268574;56;5;0.084911442;5;3;3;3;66.57652284;-0.022014856;6;6;10;10;-3.260689522;1;1;2;1
1.518999001;4;6;5;6;53.42342549;1;0;1;-1.442236676;6;7;7;4;13.26416339;57;5;0.273744307;5;4;5;2;55.56663076;-0.115520596;7;8;8;8;-0.369676203;4;4;3;3
-1.138552457;1;2;1;2;40.3463865;1;0;1;0.867895561;10;10;10;7;13.20434643;58;3;0.073755619;4;5;4;2;51.10927623;0.37996462;9;10;8;8;0.641471998;5;5;3;4
-0.373595883;2;2;3;3;47.07520253;1;1;1;0.867895561;10;10;10;7;13.04434588;59;5;1.464164562;5;7;5;5;64.8511805;0.686545614;4;10;10;10;0.689249278;4;5;5;4
0.13173849;3;2;3;5;50.22848435;1;1;1;0.867895561;10;10;10;7;17.90342601;60;5;-1.352805893;2;3;1;1;46.93592682;0.968955574;10;10;10;10;0.689249278;4;5;5;4
-0.335873729;3;1;3;3;41.27727901;1;1;1;0.867895561;10;10;10;7;14.86994788;61;5;0.191382046;4;5;3;3;59.3400235;0.780682268;6;10;10;10;0.30988203;5;5;1;4
-1.138552457;1;2;1;2;52.30263251;1;1;1;0.033348921;8;9;9;6;11.80110866;62;5;0.400835864;3;5;4;4;66.53803363;0.603857607;8;10;9;9;0.270140032;4;4;5;4
-0.893452278;2;2;2;1;39.39896437;1;0;1;-0.678685551;7;7;9;5;7.191459861;63;2;-0.472500477;4;4;3;1;47.86338211;0.09755466;3;10;8;8;1.281288233;5;5;5;5
0.131296357;3;3;3;4;49.44625096;1;1;1;0.867895561;10;10;10;7;11.46350763;64;4;0.483256173;6;4;5;3;42.42022311;0.874818921;8;10;10;10;1.281288233;5;5;5;5
-1.138552457;1;2;1;2;44.62926673;1;0;1;0.867895561;10;10;10;7;2.859352476;65;3;0.097378041;4;4;4;3;54.95302264;0.733613941;5;10;10;10;0.049433043;4;5;3;3
-1.13899459;1;3;1;1;44.38990122;1;1;1;-0.797201081;7;10;7;4;13.77850628;66;5;-1.180616207;3;4;1;1;28.76218904;-0.471182075;4;7;10;7;0.35765931;4;5;3;4
-0.529614001;2;2;3;2;36.72772148;1;1;1;0.674387879;8;10;10;7;5.62737207;67;5;1.014978103;5;5;3;4;99.24710897;-0.999953399;1;5;8;8;-0.369676203;4;4;3;3
0.480170478;4;4;3;4;44.38706517;1;0;1;-1.188213083;2;8;8;5;8.969080636;68;5;0.911554827;5;4;5;4;81.28577861;0.180947452;9;10;10;6;0.641471998;5;5;3;4
-0.530056134;2;3;3;1;39.54930251;1;1;1;-0.663941816;10;8;8;4;9.937096139;69;2;-0.028765053;5;5;4;1;40.38914475;0.686545614;4;10;10;10;0.270140032;4;4;5;4
-0.581858176;2;3;2;2;42.88367285;1;0;1;0.867895561;10;10;10;7;8.18534155;70;5;-1.022091243;2;3;2;3;33.3631259;0.921887248;9;10;10;10;1.281288233;5;5;5;5
0.338674382;3;4;4;3;34.56245383;1;1;1;0.521382259;9;10;10;6;5.033224038;71;5;0.158270112;5;4;2;4;54.48779566;0.592408961;2;10;10;10;0.270140032;4;4;5;4
-1.256848421;2;1;1;1;36.28936562;1;0;1;0.063103886;9;10;9;5;5.105588421;72;5;0.160719837;3;6;3;4;42.05890329;0.241167084;7;8;10;9;0.807266982;5;5;4;4
-1.294128441;1;1;1;2;50.54480192;1;1;1;0.130102763;9;9;9;6;0.5;73;3;0.791997113;5;5;6;3;56.39319475;-0.641327433;1;8;3;9;0.689249278;4;5;5;4
0.405610439;2;4;3;6;61.77866451;1;0;1;-0.607690036;8;8;8;5;15.06463984;74;5;0.468157444;5;4;5;3;57.67077064;0.261978346;5;9;9;9;0.641471998;5;5;3;4
0.092689936;2;6;3;2;32.78751459;1;0;1;0.521382259;9;10;10;6;8.021698137;75;3;0.333358819;5;5;2;3;67.81159671;0.827750594;7;10;10;10;0.35765931;4;5;3;4
-1.086308282;1;1;2;2;43.5150065;1;1;1;0.130102763;9;9;9;6;12.43629337;76;4;-1.358408034;2;4;1;1;29.95694869;0.014235738;4;8;9;9;-0.369676203;4;4;3;3
-1.086750415;1;2;2;1;38.51376349;1;0;1;-0.033649956;8;10;9;5;8.405633079;77;5;-0.979416048;3;3;1;3;33.25558956;0.076743397;5;9;9;8;-0.912888;1;4;3;4
-1.450146559;1;1;1;1;46.89319807;1;0;1;0.867895561;10;10;10;7;7.610943267;78;4;-0.295071275;3;4;4;3;37.60255707;-3.21961501;3;0;10;0;-0.67790247;4;4;3;2
-0.930732297;1;2;2;2;41.66303703;1;1;1;0.867895561;10;10;10;7;3.576783951;79;3;-0.354742565;4;5;3;2;26.8499486;-3.532272721;0;0;8;0;-3.426484506;1;1;1;1
-0.982976473;1;3;1;2;38.80947473;1;0;1;0.867895561;10;10;10;7;10.57234694;80;5;-1.005357299;2;4;3;2;20.24539089;0.363144043;5;10;10;8;0.973061966;5;5;5;4
-0.788794068;2;1;1;4;56.9244317;1;0;1;-1.095723373;7;7;7;5;3.121736606;81;5;0.744016138;6;3;4;4;79.51190404;0.356114999;7;9;9;9;-0.954580432;4;3;2;3
0.339116516;3;3;4;4;47.14609119;1;0;1;-0.607690036;8;8;8;5;3.102176456;82;5;1.189064713;5;6;4;4;85.03169326;-0.66889187;1;8;7;7;-0.061449936;4;4;3;4
-1.242326399;1;1;2;1;35.23789012;1;1;1;0.77114172;9;10;10;7;6.070003677;83;5;-1.077242594;4;2;3;1;28.60696073;-0.599631037;4;8;4;8;-0.369676203;4;4;3;3
-1.138110323;1;1;1;3;45.42924967;1;0;1;0.867895561;10;10;10;7;5.959119365;84;5;-0.77527003;3;3;2;2;52.82420989;0.450251653;9;9;9;9;0.079931469;5;4;4;3
-0.038801649;4;2;2;4;49.03454809;1;1;1;-0.756431525;5;9;9;4;8.67532229;85;5;-0.593637528;5;4;1;1;46.36392595;-0.397930556;1;8;8;8;-0.369676203;4;4;3;3
0.85764651;3;6;5;3;31.44387124;1;0;1;-1.345482835;7;7;7;4;3.064229395;86;4;-0.034272312;4;3;3;4;58.14261259;0.356114999;7;9;9;9;-0.369676203;4;4;3;3
-1.450146559;1;1;1;1;48.071336;1;1;1;0.577634038;7;10;10;7;8.17569819;87;4;-0.108857968;6;4;2;1;58.93065999;-0.908224189;2;7;6;7;0.222362752;5;4;3;4
-0.930732297;1;2;2;2;41.37504381;1;1;1;0.867895561;10;10;10;7;9.649136419;88;4;0.541877973;6;6;2;2;67.46860981;0.780682268;6;10;10;10;0.333245731;5;5;3;3
-0.543693889;3;1;2;3;50.5621893;1;1;1;-0.313164381;7;9;9;5;9.869065868;89;5;-0.867828371;4;3;2;2;28.27268425;0.780682268;6;10;10;10;0.807266982;5;5;4;4
-1.450146559;1;1;1;1;43.91996829;1;1;1;0.130102763;9;9;9;6;3.851538156;90;5;-0.202512567;4;5;3;3;25.30969755;0.494281621;6;9;9;10;0.523454294;4;5;4;4
0.145376245;2;4;4;3;43.3926325;1;1;1;0.867895561;10;10;10;7;5.28537881;91;4;1.808779204;7;7;4;5;74.27455536;0.694955902;6;10;9;10;-0.061449936;4;4;3;4
0.650268484;3;5;4;4;46.30868986;1;1;1;0.867895561;10;10;10;7;8.310780424;92;5;-0.61484388;4;5;2;1;31.83126816;0.780682268;6;10;10;10;0.641471998;5;5;3;4
0.145818378;2;3;4;4;49.82270806;1;1;1;-3.111329956;2;5;5;2;15.96035867;93;5;-1.00956315;4;1;1;4;32.39393454;-0.52768689;4;8;7;7;-0.788785449;4;3;3;3
-1.294570575;1;2;1;1;45.72880842;1;0;1;-2.031287986;8;5;5;4;11.60748472;94;2;-1.808327365;2;3;1;1;7.58137956;-1.331014928;1;2;9;9;-2.249541321;2;2;2;2
-1.242326399;1;1;2;1;29.23863887;1;0;1;-1.736762331;7;6;6;4;8.887137421;95;5;-0.614168969;4;4;2;2;33.69247598;-0.976103778;3;6;7;7;-0.085863515;5;4;3;3
0.168134243;4;4;3;2;29.81974328;1;0;1;-0.149411663;8;8;9;6;5.445082869;96;5;0.992540284;4;6;5;5;57.15541804;-0.014354898;7;9;9;7;-0.369676203;4;4;3;3
-0.930732297;1;2;2;2;42.87252485;1;1;1;0.867895561;10;10;10;7;10.09779514;97;5;0.882451139;5;6;6;2;62.40502537;0.874818921;8;10;10;10;0.222362752;5;4;3;4
-1.450146559;1;1;1;1;32.17635207;1;1;1;0.271622797;9;10;10;5;8.429053111;98;5;0.086733159;4;5;3;2;64.99102061;-0.191810473;6;7;10;8;0.049433043;4;5;3;3
-0.789678335;2;3;1;2;45.98613117;1;1;1;0.379862224;9;9;9;7;1.674990475;99;4;0.333413583;4;6;3;4;40.42369752;-2.016476108;4;2;8;5;-0.203881219;4;4;4;3
-0.061559647;2;2;3;5;58.37931642;1;0;1;0.867895561;10;10;10;7;11.16914002;100;5;-0.855237693;3;4;1;2;42.18101649;0.921887248;9;10;10;10;0.270140032;4;4;5;4
-0.425840058;2;3;2;3;44.52140081;1;0;0;0.867895561;10;10;10;7;10.91390403;101;4;-0.910987493;4;4;2;1;22.74107451;0.827750594;7;10;10;10;0.104345048;4;4;4;4
-0.982534339;1;2;1;3;45.83465721;1;0;0;-0.607690036;8;8;8;5;9.724315283;102;3;-1.052262101;3;4;3;1;14.33016436;-0.115520596;7;8;8;8;-2.439749884;3;2;1;1
-0.685189985;2;1;3;2;37.35395878;1;0;0;-2.643042974;7;4;7;1;11.47717587;103;5;-1.041541254;2;4;2;2;29.87985276;-2.284472936;1;4;4;4;-2.557767588;2;2;2;1
-1.450146559;1;1;1;1;37.54224217;1;0;0;0.867895561;10;10;10;7;4.090435013;104;5;0.718981991;6;6;2;3;68.07733709;-0.705142464;3;6;8;8;0.222362752;5;4;3;4
-1.049028262;2;1;2;1;38.6252712;1;1;0;-0.607690036;8;8;8;5;5.730314609;105;5;-1.080477522;4;2;2;1;41.08803714;-0.350862229;2;8;8;8;-0.369676203;4;4;3;3
-1.242326399;1;1;2;1;36.52657851;1;1;0;-0.119656699;9;9;9;5;8.300966918;106;5;-0.362015385;3;4;2;3;57.34006727;0.02967507;4;9;9;8;-0.653488891;3;4;3;3
0.687990638;4;4;4;4;48.58300987;1;0;0;-1.691996138;6;7;7;3;7.419616864;107;5;-0.31989712;5;5;2;1;40.75804973;0.450251653;9;9;9;9;-1.23839312;3;3;2;3
-0.982976473;1;3;1;2;42.48353168;1;0;0;-1.289231056;5;7;7;5;5.407364135;108;5;-0.422758991;3;5;3;2;37.52869849;0.497319979;10;9;9;9;-0.535471187;4;4;2;3
-1.256848421;2;1;1;1;41.24686578;1;1;0;-1.345482835;7;7;7;4;7.715442053;109;2;-0.615535297;4;3;3;2;37.30886038;-0.162588922;6;8;8;8;-0.535471187;4;4;2;3
-0.855730124;3;1;2;1;43.52146221;1;0;0;0.130102763;9;9;9;6;14.67027982;110;3;1.361980263;6;5;4;5;85.21854936;0.261978346;5;9;9;9;0.104345048;4;4;4;4
-1.138552457;1;2;1;2;48.88811258;1;0;0;0.867895561;10;10;10;7;9.974487534;111;5;-0.082949169;5;2;4;2;70.50080266;0.827750594;7;10;10;10;0.35765931;4;5;3;4
-1.450146559;1;1;1;1;36.30107288;1;1;0;0.867895561;10;10;10;7;7.457900175;112;4;-0.697117121;5;3;1;1;53.91884289;0.780682268;6;10;10;10;0.664835699;5;5;5;3
-0.076523803;3;3;2;4;52.36031875;1;0;0;-0.06340492;7;9;9;6;9.390987241;113;5;0.955842127;6;6;5;2;64.95116444;0.184662269;7;9;7;9;-0.535471187;4;4;2;3
-1.450146559;1;1;1;1;38.16837949;1;1;0;-0.424929452;8;9;8;5;5.577497891;114;5;0.403072246;4;5;4;3;64.86833492;-0.064461583;2;9;9;8;-0.843697454;4;4;2;2
-1.100830303;2;1;1;2;49.12385899;1;1;0;-1.442236676;6;7;7;4;15.26212797;115;3;0.041509447;4;4;4;2;64.8183685;-0.837937156;2;6;7;8;-0.369676203;4;4;3;3
-1.294570575;1;2;1;1;38.83204576;1;0;0;-0.607690036;8;8;8;5;5.416604391;116;5;-1.14230808;2;4;1;2;33.9347102;-0.303793902;3;8;8;8;-1.23839312;3;3;2;3
0.249150187;2;5;3;4;44.87450129;1;1;0;0.867895561;10;10;10;7;8.368083136;117;5;1.262705071;6;5;6;4;65.81269142;0.780682268;6;10;10;10;-0.369676203;4;4;3;3
-0.634102351;2;4;1;2;43.85809081;1;1;0;-0.845963912;7;7;7;6;7.630647157;118;5;-1.487556094;2;2;2;2;24.33659417;-0.52768689;4;8;7;7;-1.546619387;3;3;2;2
-1.294128441;1;1;1;2;51.92685608;1;0;0;-2.666047478;7;0;8;3;8.651664266;119;5;0.38656602;4;4;4;3;79.93727187;0.36148693;5;9;8;10;0.664835699;5;5;5;3
-1.450146559;1;1;1;1;34.82390297;1;1;0;-2.09476122;7;7;7;1;10.62600742;120;5;-0.875686198;2;3;2;2;60.7038005;-2.444832065;0;4;7;2;-3.426484506;1;1;1;1
-0.180297745;3;2;3;3;36.6043074;1;0;0;0.312863347;9;10;9;6;4.690673956;121;3;0.715580857;4;4;3;5;91.73872914;-0.303793902;3;8;8;8;0.807266982;5;5;4;4
0.079052181;3;4;2;4;47.91643505;1;1;0;0.130102763;9;9;9;6;7.66311358;122;5;-0.74012049;3;3;3;2;43.10038026;0.214910019;4;9;9;9;0.104345048;4;4;4;4
-0.789236202;2;2;1;3;52.22305869;1;0;0;0.257350056;8;10;8;7;11.33390414;123;3;0.374087831;5;5;4;2;60.50133119;0.254949302;7;8;8;10;0.641471998;5;5;3;4
-0.855730124;3;1;2;1;31.77721464;1;0;0;0.130102763;9;9;9;6;5.851102271;124;5;0.025547616;5;4;2;2;72.40547231;0.079781755;9;9;9;7;-0.67790247;4;4;3;2
-0.618696062;1;2;2;4;58.021382;1;1;0;-1.345482835;7;7;7;4;6.852144388;125;1;-0.525707672;4;3;4;1;47.00100107;-0.728361171;4;7;7;7;-0.819283875;3;4;2;3
-0.722470004;1;1;3;3;46.5993375;1;0;0;-0.21641054;8;9;9;5;0.334597643;126;5;-0.213840957;5;5;2;2;35.22863356;-0.206618891;9;8;8;7;-1.806018496;1;3;2;3
-0.9079743;3;2;1;1;29.51129655;1;1;0;0.271622797;9;10;10;5;7.813772585;127;5;-0.455650621;4;4;2;4;18.00341904;-1.388270073;0;6;6;6;-0.061449936;4;4;3;4
-1.294570575;1;2;1;1;30.44530698;1;1;0;-2.333035095;6;6;6;2;9.069544612;128;4;-0.52466847;3;3;5;2;36.19313582;-1.674670719;0;5;5;6;-1.380824404;3;3;3;2
-1.138552457;1;2;1;2;38.92465896;1;1;0;0.130102763;9;9;9;6;5.862425282;129;5;0.235781508;5;3;3;2;94.30295069;0.296645698;10;8;9;9;-0.819283875;3;4;2;3
-1.086308282;1;1;2;2;52.83498111;1;1;0;-1.792746616;4;5;8;4;10.05019598;130;5;-0.510985505;4;4;3;2;29.84640281;0.02967507;4;9;9;8;-0.788785449;4;3;3;3
-0.945696453;2;3;1;1;40.11558488;1;1;0;-0.06340492;7;9;9;6;8.377292436;131;3;-0.195095784;4;5;3;2;40.64255156;0.309046673;6;9;9;9;-0.788785449;4;3;3;3
-0.463120078;1;3;2;4;54.28988324;1;1;0;0.033348921;8;9;9;6;12.89218731;132;5;1.500368943;7;6;4;4;78.81667554;0.026636713;0;9;9;9;-0.369676203;4;4;3;3
-0.232541921;3;3;2;3;39.85232423;1;0;0;-0.607690036;8;8;8;5;8.524575539;133;5;2.214556239;7;7;6;5;83.81034436;-0.303793902;3;8;8;8;-0.535471187;4;4;2;3
-0.907532166;3;1;1;2;49.88666529;1;1;0;-3.007825655;4;2;6;3;6.871774101;134;5;-0.658748484;4;3;3;1;48.26756377;-0.728361171;4;7;7;7;-2.85885913;3;1;1;1
-0.425840058;2;3;2;3;44.81981685;1;1;0;0.130102763;9;9;9;6;3.983708684;135;3;-0.380975209;5;2;3;3;42.82146519;0.120773366;2;9;9;9;0.104345048;4;4;4;4
-1.086750415;1;2;2;1;37.54210985;1;0;0;-0.704443877;7;8;8;5;13.59472038;136;2;0.354633482;5;4;4;3;60.62348172;0.356114999;7;9;9;9;-0.369676203;4;4;3;3
-0.425840058;2;3;2;3;44.0065004;1;1;0;0.283108383;8;9;9;7;6.477923109;137;5;-1.257048057;3;2;3;1;29.62775325;0.780682268;6;10;10;10;-0.369676203;4;4;3;3
-0.062001781;2;3;3;4;51.02201131;1;1;0;0.405620551;9;8;10;7;6.628504251;138;5;1.182753216;5;5;6;5;60.7682012;0.780682268;6;10;10;10;-0.504972761;5;3;3;3
-1.256848421;2;1;1;1;46.9571668;1;0;0;-0.790450621;8;7;8;5;3.075528115;139;4;-1.136748203;2;3;3;1;40.08100892;-0.209657249;5;8;8;8;-0.788785449;4;3;3;3
-0.374038016;2;3;3;2;43.44575746;1;1;0;-0.607690036;8;8;8;5;9.481883878;140;4;0.981488705;4;6;5;4;70.89270722;-0.448989569;6;7;7;8;-1.072598137;3;3;3;3
-0.73743416;2;2;2;2;36.88518186;1;1;0;0.867895561;10;10;10;7;6.4921189;141;5;0.33898191;5;3;4;4;61.07417131;0.780682268;6;10;10;10;1.281288233;5;5;5;5
-1.100830303;2;1;1;2;43.97009049;1;1;0;0.271622797;9;10;10;5;7.268211444;142;5;-0.09018696;5;4;2;3;47.71455736;0.686545614;4;10;10;10;-0.085863515;5;4;3;3
-1.450146559;1;1;1;1;47.70424586;1;0;0;-0.607690036;8;8;8;5;10.43188413;143;5;1.005087089;7;5;4;3;67.21411899;-0.996915041;5;5;8;7;-0.369676203;4;4;3;3
-1.294570575;1;2;1;1;39.22405019;1;1;0;-2.821068433;5;5;5;2;10.7734951;144;2;-1.932769294;2;2;1;1;13.32526601;-0.858748419;4;5;8;8;0.215228027;4;5;4;3
-0.751514048;3;1;1;3;49.732336;1;0;0;0.867895561;10;10;10;7;10.32653899;145;5;1.571846286;5;6;6;5;77.88871619;0.827750594;7;10;10;10;1.115493249;5;5;4;5
-1.450146559;1;1;1;1;44.13017098;1;1;0;-3.253588479;5;4;5;1;11.46235991;146;3;-0.453724231;3;4;2;2;64.10901263;-0.162588922;6;8;8;8;0.333245731;5;5;3;3
-0.751514048;3;1;1;3;48.23689845;1;1;0;-0.06340492;7;9;9;6;8.04164669;147;5;0.868554619;5;5;4;5;59.14428499;0.309046673;6;9;9;9;-1.097011716;4;3;3;2
0.183098398;3;3;4;3;38.26192262;1;1;0;-0.954203339;7;8;8;4;11.05923104;148;5;0.392332764;5;5;3;4;45.45397977;-0.350862229;2;8;8;8;-1.546619387;3;3;2;2
-0.195261901;4;3;2;2;39.31536682;1;0;0;-0.89795156;5;8;8;5;4.352615141;149;4;0.480520939;5;5;3;3;67.76503734;0.191691313;5;10;8;8;-0.369676203;4;4;3;3
-0.930732297;1;2;2;2;37.25990603;1;1;0;-0.678685551;7;7;9;5;7.30483171;150;5;1.683130652;5;7;4;5;96.52920148;-0.82111658;6;6;5;8;-0.67790247;4;4;3;2
-1.450146559;1;1;1;1;36.28840612;1;0;0;-2.276783316;4;6;6;3;6.620993588;151;2;-0.509158433;3;4;3;4;17.17507684;-3.399478029;1;0;9;0;-2.557767588;2;2;2;1
-0.826958355;1;3;1;3;47.61252688;1;1;0;0.867895561;10;10;10;7;14.91803783;152;5;1.570960508;7;5;5;5;73.95774103;0.874818921;8;10;10;10;0.523454294;4;5;4;4
-0.893010144;2;1;2;2;41.55545049;1;1;0;0.867895561;10;10;10;7;12.65768904;153;5;0.190186539;4;5;4;2;61.16826663;0.686545614;4;10;10;10;0.949698265;5;5;3;5
-0.26982194;2;3;2;4;54.95936826;1;1;0;-0.954203339;7;8;8;4;11.49370049;154;5;0.336273215;5;4;4;2;73.72934051;0.120773366;2;9;9;9;-1.23839312;3;3;2;3
-0.307544094;1;4;2;4;56.36848008;1;0;0;-0.119656699;9;9;9;5;9.965705672;155;5;0.058554952;4;4;5;3;38.83836514;0.356114999;7;9;9;9;0.35765931;4;5;3;4
-0.180739879;3;3;3;2;40.24887361;1;1;0;0.867895561;10;10;10;7;8.476314376;156;5;1.657042178;7;6;5;4;79.59182407;0.874818921;8;10;10;10;0.973061966;5;5;5;4
-1.294570575;1;2;1;1;40.12622748;1;1;0;-1.345482835;7;7;7;4;9.521599916;157;5;-0.921000886;4;2;3;2;27.41329933;-0.162588922;6;8;8;8;-0.535471187;4;4;2;3
-0.930732297;1;2;2;2;37.92783045;1;0;0;0.867895561;10;10;10;7;13.19274447;158;5;0.056286115;4;3;4;4;53.20580571;0.733613941;5;10;10;10;0.973061966;5;5;5;4
-1.450146559;1;1;1;1;36.39423142;1;1;0;0.867895561;10;10;10;7;8.006466297;159;3;-1.265611357;4;2;1;1;37.85404947;0.592408961;2;10;10;10;0.664835699;5;5;5;3
0.390646283;3;5;2;5;56.3902564;1;0;0;0.867895561;10;10;10;7;15.10781171;160;5;0.872926223;4;6;4;4;74.27406287;0.356114999;7;9;9;9;0.641471998;5;5;3;4
-0.439477813;3;1;1;5;61.87470389;1;0;0;0.130102763;9;9;9;6;9.164391574;161;5;0.498383103;4;5;4;3;73.10266821;0.356114999;7;9;9;9;-1.23839312;3;3;2;3
-0.336315863;3;2;3;2;45.92034962;1;1;0;0.77114172;9;10;10;7;13.98884363;162;4;-0.078439868;4;3;5;2;58.1898357;0.686545614;4;10;10;10;1.281288233;5;5;5;5
-1.242326399;1;1;2;1;42.28691585;1;0;0;-2.62756075;7;5;5;2;7.331986334;163;2;-0.122515098;5;4;2;3;44.92158417;-1.270914713;1;5;7;7;-1.151923721;4;4;2;1
0.792206714;4;4;3;6;60.20120769;1;1;0;-0.09964285;0;10;10;7;25;164;5;0.904597403;6;5;4;4;60.39527325;0.780682268;6;10;10;10;1.281288233;5;5;5;5
0.324594494;4;3;3;4;53.31757278;1;1;0;0.562622809;9;10;9;7;7.204747695;165;5;0.692337319;5;5;5;3;60.54369365;0.780682268;6;10;10;10;1.281288233;5;5;5;5
-1.450146559;1;1;1;1;37.46148622;1;0;0;0.130102763;9;9;9;6;5.709159725;166;5;-1.030744851;3;3;2;2;30.75259192;0.356114999;7;9;9;9;0.104345048;4;4;4;4
-0.374038016;2;3;3;2;42.49076493;1;0;0;0.867895561;10;10;10;7;10.61823521;167;4;0.321126239;5;5;4;2;55.92574118;0.733613941;5;10;10;10;1.281288233;5;5;5;5
-0.930732297;1;2;2;2;43.94432679;1;1;0;0.867895561;10;10;10;7;7.928122274;168;5;0.69394492;5;6;4;4;42.2560691;0.780682268;6;10;10;10;0.949698265;5;5;3;5
-1.256848421;2;1;1;1;46.9064527;1;1;0;-1.136963924;7;7;8;4;7.740146542;169;5;0.111253755;5;5;2;3;48.62294206;-0.715960196;0;8;7;7;-0.653488891;3;4;3;3
-0.723354272;1;3;3;1;32.3155359;1;0;0;0.867895561;10;10;10;7;4.271528844;170;5;0.97308424;4;6;3;5;80.99563577;0.921887248;9;10;10;10;0.973061966;5;5;5;4
-1.450146559;1;1;1;1;43.70922266;1;1;0;-1.81575112;4;1;9;6;12.09444087;171;4;-1.9548661;2;1;1;1;27.91120765;-2.103583717;0;3;9;4;-2.304453326;2;3;1;1
-0.945696453;2;3;1;1;32.73459712;1;0;0;-0.149411663;8;8;9;6;3.162879219;172;5;-1.683434545;2;2;1;1;34.86641562;0.356114999;7;9;9;9;-0.369676203;4;4;3;3
-1.063550284;3;1;1;1;41.28379222;1;0;0;-0.204924954;7;8;8;7;7.36171441;173;3;-1.019043533;3;2;3;1;50.19003376;-1.88683919;3;7;7;1;-0.906803153;3;3;4;3
0.495134634;3;3;4;5;54.39359309;1;0;0;0.867895561;10;10;10;7;10.75953379;174;5;0.812598122;4;5;3;5;83.62550276;0.733613941;5;10;10;10;1.281288233;5;5;5;5
-0.826958355;1;3;1;3;51.94547161;1;0;0;-0.353666443;4;9;9;6;8.321689568;175;5;-0.024368743;4;5;2;3;53.46089955;0.356114999;7;9;9;9;-2.557767588;2;2;2;1
-1.450146559;1;1;1;1;39.94011728;1;1;0;0.130102763;9;9;9;6;5.715743443;176;5;0.979804349;6;6;5;4;37.63719897;0.403183326;8;9;9;9;-0.512107486;4;4;4;2
-0.218019899;2;3;3;3;44.02896716;1;1;0;-0.09964285;0;10;10;7;13.11033427;177;5;-0.525955287;3;4;2;1;72.5607318;0.968955574;10;10;10;10;1.115493249;5;5;4;5
-1.294128441;1;1;1;2;49.44717265;1;1;0;-1.345482835;7;7;7;4;9.35775974;178;3;-0.209841363;5;3;3;3;41.11150335;-2.732889825;0;2;4;4;-0.819283875;3;4;2;3
0.107654092;1;5;4;3;45.24545135;1;0;0;-0.704443877;7;8;8;5;11.41289823;179;5;-1.077793188;4;2;2;2;26.62786402;0.061304065;5;8;9;9;-0.369676203;4;4;3;3
-0.426282192;2;4;2;2;39.38542845;1;1;0;0.130102763;9;9;9;6;7.447792403;180;5;1.10779332;6;6;5;3;63.38682614;-0.092301889;6;7;9;9;-1.127510142;3;4;2;2
-0.699712007;3;1;2;2;39.95443575;1;1;0;-0.380901747;10;10;10;2;6.219829159;181;5;1.073129257;6;4;5;5;63.99784038;0.379333706;6;8;10;10;0.523454294;4;5;4;4
0.168134243;4;4;3;2;40.93759844;1;0;0;-1.345482835;7;7;7;4;5.258196901;182;3;-0.817412593;5;2;1;1;60.02096043;-0.960664446;3;7;7;6;-0.535471187;4;4;2;3
-0.878488122;1;1;3;2;40.56785132;1;1;0;-1.345482835;7;7;7;4;6.233896114;183;5;-0.376306036;4;4;3;2;41.48196747;-1.849838266;2;6;6;3;-2.249541321;2;2;2;2
-1.242326399;1;1;2;1;40.88067064;1;1;0;0.77114172;9;10;10;7;11.79244273;184;5;0.077722142;4;4;5;2;55.1863896;0.874818921;8;10;10;10;0.973061966;5;5;5;4
-0.77471418;1;2;2;3;45.65245993;1;0;0;-0.715929464;8;9;9;3;11.12215592;185;5;-0.46970262;3;4;3;3;35.27592666;-0.503086939;7;6;6;9;-1.546619387;3;3;2;2
-0.878488122;1;1;3;2;43.23588834;1;0;0;0.867895561;10;10;10;7;0.75;186;3;-1.259203254;2;3;1;3;25.63850993;0.827750594;7;10;10;10;1.281288233;5;5;5;5
-0.232984054;3;4;2;2;32.45878136;1;0;0;0.867895561;10;10;10;7;10.73579512;187;4;0.940984636;5;6;4;3;78.29102524;0.827750594;7;10;10;10;0.973061966;5;5;5;4
-0.982976473;1;3;1;2;46.54722946;1;1;0;-0.235418407;9;7;9;6;8.234340144;188;5;-1.876859796;1;3;1;1;18.21554945;0.214910019;4;9;9;9;-0.954580432;4;3;2;3
-1.063550284;3;1;1;1;49.02528486;1;1;0;-0.271923831;7;9;8;6;4.985674658;189;4;0.518208807;6;5;4;3;41.70551061;-0.092301889;6;7;9;9;-2.138658342;2;3;2;1
-0.530056134;2;3;3;1;42.1694978;1;1;0;-0.887204462;7;7;8;5;12.18053885;190;4;-0.435250242;3;3;4;3;41.98685006;-0.628852587;4;7;6;8;0.388157736;5;4;4;4
0.003880149;1;4;5;2;34.62460635;1;1;0;-0.369416161;9;9;9;4;5.609722673;191;4;-1.192139866;2;2;2;3;35.16684507;0.309046673;6;9;9;9;0.104345048;4;4;4;4
-1.13899459;1;3;1;1;37.95680811;1;1;0;0.033348921;8;9;9;6;6.704613441;192;5;1.001362091;6;6;5;3;54.19175393;0.394773038;6;9;10;9;0.523454294;4;5;4;4
-0.722912138;1;2;3;2;44.64757618;1;0;0;0.368376638;10;10;10;5;9.321106186;193;5;0.929874229;5;6;4;3;77.33114725;0.167841693;3;9;9;9;0.973061966;5;5;5;4
1.014106761;3;5;5;5;46.83086061;1;1;0;0.577634038;7;10;10;7;8.593847162;194;5;-0.345783885;4;4;3;4;14.73474376;0.874818921;8;10;10;10;-0.085863515;5;4;3;3
-1.101272437;2;2;1;1;32.65908287;1;1;0;-0.160158761;6;9;9;6;9.390661232;195;5;-0.477045748;3;4;4;2;36.5730492;0.403183326;8;9;9;9;0.104345048;4;4;4;4
-1.13899459;1;3;1;1;42.98496258;1;1;0;-0.21641054;8;9;9;5;2.968671263;196;4;-0.19724097;5;4;3;2;40.39720864;-0.079900915;2;8;9;9;0.104345048;4;4;4;4
-1.294570575;1;2;1;1;49.35633779;1;1;0;-1.868006262;7;3;8;4;11.7245137;197;4;0.87228237;5;5;4;4;74.15842692;0.214910019;4;9;9;9;-1.262806699;4;3;2;2
-0.751956182;3;2;1;2;38.47087657;1;0;0;-0.06340492;7;9;9;6;7.685389179;198;5;0.670318275;5;4;3;4;85.9653814;0.733613941;5;10;10;10;1.281288233;5;5;5;5
-1.450146559;1;1;1;1;36.1038865;1;1;0;-0.28693506;9;9;7;6;9.706464068;199;3;-1.57210303;2;2;1;1;44.48484559;-2.208063643;0;0;4;9;-1.965728633;3;2;2;2
-0.336315863;3;2;3;2;43.54367785;1;0;0;0.130102763;9;9;9;6;9.423978787;200;5;-0.259641214;4;4;3;2;51.56116573;0.356114999;7;9;9;9;-1.546619387;3;3;2;2
0.673910749;5;3;3;5;55.17766771;0;1;1;0.867895561;10;10;10;7;8.932875231;201;5;0.05737465;4;4;4;3;51.49694993;-1.102545885;6;8;10;2;-0.369676203;4;4;3;3
-0.322235975;2;3;4;1;33.4968219;0;1;1;0.867895561;10;10;10;7;5.062754224;202;5;1.347539767;5;6;5;5;71.27042432;0.02967507;4;9;9;8;1.281288233;5;5;5;5
0.702070526;3;5;5;3;36.94811245;0;0;1;0.867895561;10;10;10;7;7.825438898;203;4;-0.922278182;2;3;2;3;41.98642486;0.827750594;7;10;10;10;1.281288233;5;5;5;5
1.363423017;4;5;5;6;52.14538016;0;1;1;0.867895561;10;10;10;7;8.520384895;204;5;1.200942246;4;7;3;5;84.18632894;0.686545614;4;10;10;10;1.281288233;5;5;5;5
0.16901851;4;2;3;4;48.3004139;0;0;1;0.502374392;10;8;10;7;10.58194827;205;3;0.433057349;5;6;4;2;49.10098885;0.827750594;7;10;10;10;0.641471998;5;5;3;4
-0.70015414;3;2;2;1;36.86300099;0;0;1;0.130102763;9;9;9;6;3.960933764;206;3;-0.565834106;5;2;3;3;26.85067426;0.535978018;9;9;10;9;-0.369676203;4;4;3;3
1.000026873;4;4;4;6;50.19068646;0;1;1;0.77114172;9;10;10;7;5.118808084;207;5;1.091831368;6;4;4;5;78.37415619;0.686545614;4;10;10;10;0.689249278;4;5;5;4
-0.129210112;3;5;1;3;43.67526315;0;0;1;0.867895561;10;10;10;7;9.047273847;208;5;-0.147312307;3;4;3;4;48.43659001;0.921887248;9;10;10;10;0.578366299;4;4;5;5
1.207404899;4;5;5;5;48.70026719;0;0;1;0.130102763;9;9;9;6;9.999179358;209;3;0.23972609;4;4;3;3;80.01166673;0.261978346;5;9;9;9;0.807266982;5;5;4;4
0.419248193;1;6;4;4;39.83317499;0;0;1;0.130102763;9;9;9;6;4.417089223;210;3;-1.527244925;1;3;1;1;48.42034951;-2.032265182;1;1;1;10;-0.061449936;4;4;3;4
0.635746462;4;5;3;4;49.4266201;0;0;1;-0.607690036;8;8;8;5;4.309191529;211;5;0.297138958;5;3;2;4;82.98028344;-0.192836673;9;8;6;8;-0.085863515;5;4;3;3
0.286430207;3;5;3;3;43.20162945;0;1;1;-1.345482835;7;7;7;4;7.055327844;212;4;-0.162872402;3;4;4;1;78.40798132;-0.728361171;4;7;7;7;-0.788785449;4;3;3;3
1.712297138;5;6;5;6;47.26766368;0;0;1;-1.986521793;7;6;6;3;6.768949348;213;2;-0.927545497;3;3;3;1;41.59997636;0.076743397;5;9;9;8;0.215228027;4;5;4;3
1.556279021;5;6;5;5;42.05503423;0;1;1;-0.06340492;7;9;9;6;10.25141812;214;5;0.906270578;7;5;3;3;71.4374729;0.309046673;6;9;9;9;0.973061966;5;5;5;4
1.400703036;5;5;5;5;38.54750414;0;1;1;-0.414182354;10;8;8;5;11.10189975;215;5;0.107117658;4;4;3;3;68.55502829;0.686545614;4;10;10;10;0.222362752;5;4;3;4
-0.232541921;3;3;2;3;49.98840051;0;0;1;-0.667938453;9;6;9;5;9.611954877;216;5;1.017102909;5;5;5;3;88.60165252;-0.209657249;5;8;8;8;0.246776331;4;4;3;5
0.003607875;1;6;2;4;46.47289383;0;1;1;-0.521683293;7;9;8;5;9.301225277;217;5;0.973458325;5;4;5;5;71.94181523;-1.043983368;4;5;8;7;-2.101025191;4;1;2;2
1.244684919;5;5;5;4;40.55775319;0;0;1;-0.052657822;9;8;9;6;12.53735818;218;5;-0.532477264;4;2;3;4;31.59543168;-0.528317804;1;6;9;9;-0.369676203;4;4;3;3
0.947782698;4;5;3;6;48.88948763;0;1;1;0.867895561;10;10;10;7;4.823117829;219;4;-0.779980267;3;2;4;2;43.39114261;0.780682268;6;10;10;10;0.973061966;5;5;5;4
1.362980883;4;6;5;5;41.94583126;0;0;1;0.867895561;10;10;10;7;10.27093407;220;5;-0.741286935;3;4;1;1;66.71781934;0.921887248;9;10;10;10;1.281288233;5;5;5;5
-0.478084233;2;4;1;3;47.00083039;0;0;1;-0.816208948;8;8;7;5;10.72147448;221;5;-0.152923468;5;4;1;2;69.74710963;0.261978346;5;9;9;9;-0.67790247;4;4;3;2
0.806286602;3;5;4;5;49.61558642;0;0;1;-2.735061689;4;6;5;2;6.234124503;222;1;-0.645795094;3;4;2;3;32.82306279;-1.738954908;1;8;1;4;-0.203881219;4;4;4;3
1.192440743;5;6;4;4;42.77696884;0;0;1;0.867895561;10;10;10;7;7.866033733;223;5;-0.28273517;4;4;2;2;62.32653151;0.742024229;7;10;9;10;0.641471998;5;5;3;4
0.442890458;3;4;3;5;50.74732541;0;1;1;0.577634038;7;10;10;7;11.73063558;224;4;0.630920855;5;6;4;2;66.19530637;0.592408961;2;10;10;10;0.807266982;5;5;4;4
1.556721154;5;5;5;6;46.53731837;0;0;1;-0.290931698;8;7;8;7;12.53968609;225;5;-1.410388371;2;4;1;1;25.46613377;-0.775429497;3;7;7;7;0.270140032;4;4;5;4
0.479728345;4;5;3;3;31.5327025;0;0;1;0.130102763;9;9;9;6;8.094466982;226;5;0.743961335;6;5;4;2;75.90137089;0.548378992;5;10;10;9;1.281288233;5;5;5;5
0.479728345;4;5;3;3;41.58590347;0;0;1;-0.607690036;8;8;8;5;11.5378009;227;5;-0.658991992;3;4;1;2;59.13556463;-0.123930884;5;8;9;8;0.641471998;5;5;3;4
-0.165775723;2;2;4;3;43.17068903;0;0;1;0.674387879;8;10;10;7;13.76740738;228;5;-1.921997294;1;1;2;2;19.85324499;-0.038204519;5;8;10;8;1.281288233;5;5;5;5
1.400703036;5;5;5;5;45.62326127;0;1;1;0.77114172;9;10;10;7;12.0639214;229;5;-0.147808926;4;3;3;4;48.33367422;0.780682268;6;10;10;10;0.862178987;5;4;5;5
1.155602857;4;5;4;6;52.2606714;0;1;1;0.118617176;10;10;10;4;11.46776272;230;5;-0.763472128;3;2;3;2;57.57791134;-0.350862229;2;8;8;8;-0.788785449;4;3;3;3
-0.039685917;4;4;2;2;34.89826161;0;0;1;-0.674688913;8;9;8;4;10.56178048;231;4;2.260201695;7;7;6;5;87.75386045;-0.665853512;5;8;7;6;-0.369676203;4;4;3;3
-0.634544485;2;5;1;1;30.59847257;0;1;1;0.674387879;8;10;10;7;1;232;3;0.202391786;6;4;4;2;45.60772757;-0.658074138;4;6;8;8;0.222362752;5;4;3;4
0.791322447;4;6;3;4;40.22536098;0;1;1;-0.383688901;8;9;7;6;13.17088301;233;3;0.200922362;4;5;3;3;60.16425424;-0.814087536;4;7;6;7;-0.369676203;4;4;3;3
1.504476979;5;6;4;6;46.52811557;0;1;1;0.65937665;10;10;9;7;7.059137739;234;5;-1.126368819;3;4;2;1;20.68830835;-0.36160609;6;8;10;6;0.215228027;4;5;4;3
1.050944648;4;6;5;3;32.30347787;0;1;1;0.562622809;9;10;9;7;9.833315906;235;2;-0.743312477;4;4;1;3;20.60365954;0.592408961;2;10;10;10;0.807266982;5;5;4;4
0.390646283;3;5;2;5;43.69312464;0;1;1;-0.06340492;7;9;9;6;12.62212897;236;4;-1.101369316;2;2;4;1;46.87197761;0.132222012;8;9;8;8;-0.369676203;4;4;3;3
1.155602857;4;5;4;6;49.95289523;0;1;1;0.867895561;10;10;10;7;6.203718543;237;3;-0.537877144;4;4;4;1;29.4546417;0.501310666;4;10;10;9;0.641471998;5;5;3;4
1.400260903;5;6;5;4;32.46078232;0;0;1;-0.607690036;8;8;8;5;8.459220718;238;5;-1.929881137;1;2;1;1;30.12978154;0.170880051;7;9;9;8;-0.234379645;3;5;3;3
1.400703036;5;5;5;5;46.80980984;0;1;1;-0.704443877;7;8;8;5;12.88055367;239;5;0.518326184;6;4;3;3;70.97119169;0.968955574;10;10;10;10;0.807266982;5;5;4;4
-0.307544094;1;4;2;4;49.54147149;0;0;1;0.867895561;10;10;10;7;7.783755005;240;4;2.401948454;7;7;6;5;100;0.827750594;7;10;10;10;0.35765931;4;5;3;4
-0.100166068;1;5;3;3;39.95991108;0;1;1;0.021863335;9;10;10;4;5.69047175;241;4;-0.140664061;4;4;3;2;61.84013671;0.23875964;6;10;8;8;-3.426484506;1;1;1;1
0.673468616;5;4;3;4;35.74830395;0;0;1;0.65937665;10;10;9;7;11.3982873;242;5;0.318888347;5;4;4;3;57.5352989;0.921887248;9;10;10;10;-0.09299824;4;5;4;2
0.041330028;2;5;2;4;46.76084782;0;1;1;0.6181361;10;10;10;6;6.439313191;243;5;0.719986088;4;6;4;3;75.752962;-0.543126222;4;7;7;8;0.641471998;5;5;3;4
-0.425840058;2;3;2;3;47.27832262;0;0;1;0.867895561;10;10;10;7;13.18559467;244;5;2.066333094;7;7;5;5;83.76523712;0.827750594;7;10;10;10;0.973061966;5;5;5;4
0.272792452;4;3;2;5;46.45964355;0;1;1;0.174868956;8;10;10;5;6.117699565;245;3;0.338106289;4;6;2;3;68.2817626;-0.347823871;6;8;8;7;0.807266982;5;5;4;4
1.712297138;5;6;5;6;38.99488697;0;0;1;0.867895561;10;10;10;7;6.255353756;246;5;-0.891133524;3;3;2;1;57.5063267;0.733613941;5;10;10;10;0.997475545;4;5;5;5
-0.062886048;2;5;3;2;36.09911421;0;0;1;0.450857739;10;10;8;7;11.68040476;247;5;-0.375932807;4;3;2;2;70.76975278;0.827750594;7;10;10;10;0.973061966;5;5;5;4
1.014106761;3;5;5;5;54.15949926;0;0;1;0.65937665;10;10;9;7;10.77298427;248;5;-0.699479718;4;4;1;3;24.39056859;0.827750594;7;10;10;10;-0.369676203;4;4;3;3
-0.232541921;3;3;2;3;42.06079896;0;1;1;0.867895561;10;10;10;7;12.69126538;249;5;1.347458259;4;7;4;5;84.08394941;0.780682268;6;10;10;10;0.973061966;5;5;5;4
1.556279021;5;6;5;5;43.22571565;0;0;1;0.6181361;10;10;10;6;7.29399451;250;5;2.23189034;7;7;6;4;100;0.827750594;7;10;10;10;0.222362752;5;4;3;4
1.712297138;5;6;5;6;40.43335419;0;1;1;0.338621674;9;9;10;6;5.246836458;251;5;-0.07542327;4;4;4;3;40.02394075;0.603857607;8;10;9;9;0.523454294;4;5;4;4
1.103358682;4;6;3;6;46.45629886;0;0;1;-0.052657822;9;8;9;6;1;252;3;-0.983204775;2;3;2;2;51.41478738;-1.912345924;1;5;6;4;-0.369676203;4;4;3;3
0.96230472;3;5;4;6;53.76150814;0;0;1;0.867895561;10;10;10;7;11.16533687;253;5;-0.562971043;2;6;1;1;65.68835728;0.733613941;5;10;10;10;0.104345048;4;4;4;4
1.556279021;5;6;5;5;36.97726988;0;0;1;0.867895561;10;10;10;7;6.196353539;254;5;0.756298193;5;4;5;4;67.87246022;0.827750594;7;10;10;10;0.641471998;5;5;3;4
0.8290446;5;5;3;4;36.51250973;0;1;1;0.078115115;7;10;10;5;8.388642157;255;3;-2.357522511;1;1;1;1;9.678905297;-0.056051295;4;9;8;8;-0.369676203;4;4;3;3
0.517008364;5;5;3;2;36.8293899;0;1;1;-0.052657822;9;8;9;6;10.76406658;256;5;0.971023926;4;6;4;4;82.74916437;-0.412738974;4;9;6;7;0.499040715;5;5;4;3
1.556721154;5;5;5;6;50.17617902;0;1;1;-1.263740223;10;7;6;4;10.00187812;257;5;0.029912848;5;4;4;3;32.56940675;-1.153559353;2;4;8;8;-1.21502942;3;3;4;2
-0.581858176;2;3;2;2;39.30103432;0;1;1;-0.045907362;10;5;10;7;14.05317579;258;5;1.503881233;6;7;4;4;79.18012873;-4.218083643;0;0;0;0;-0.512107486;4;4;4;2
1.051386781;4;5;5;4;42.03379868;0;0;1;0.867895561;10;10;10;7;5;259;5;1.142009981;5;6;3;5;79.03489505;0.454242339;3;10;10;9;0.973061966;5;5;5;4
-0.26982194;2;3;2;4;41.51857862;0;1;1;0.77114172;9;10;10;7;14.85589786;2260;5;-1.128207673;4;2;3;2;9.511773678;0.686545614;4;10;10;10;1.281288233;5;5;5;5
1.141080835;5;5;3;6;56.05615408;0;1;1;0.174868956;8;10;10;5;9.715673627;261;5;0.475826945;5;4;4;3;71.09392975;-0.536097178;2;8;8;7;-0.653488891;3;4;3;3
0.844008755;4;4;4;5;53.53036898;0;1;1;0.867895561;10;10;10;7;15.03071871;262;5;0.759094976;7;4;3;3;75.21729513;0.874818921;8;10;10;10;0.049433043;4;5;3;3
-0.478084233;2;4;1;3;35.32991912;0;1;1;-0.979961666;7;9;7;4;5.850656923;263;5;-1.254317725;3;3;1;1;38.88976771;-0.736771459;2;7;8;7;-0.369676203;4;4;3;3
0.339116516;3;3;4;4;45.91903499;0;0;1;-0.552176745;9;8;9;4;8.193527453;264;2;1.443211577;6;5;5;5;79.47593131;-0.274572352;3;9;6;8;0.35765931;4;5;3;4
1.712297138;5;6;5;6;42.01697809;0;0;1;0.867895561;10;10;10;7;6.185418808;265;4;-0.530552418;3;3;4;2;48.44535151;0.921887248;9;10;10;10;0.997475545;4;5;5;5
-0.166490131;2;5;1;4;46.89133402;0;0;1;-0.174698995;10;10;5;7;8.261642028;266;4;0.226087815;4;6;2;4;43.91189842;0.642515646;7;10;10;9;0.807266982;5;5;4;4
-0.062443915;2;4;3;3;34.34879353;0;0;1;-0.607690036;8;8;8;5;6.169017992;267;5;-1.067012773;4;1;4;1;33.22518852;-0.303793902;3;8;8;8;-0.369676203;4;4;3;3
1.013664628;3;6;5;4;39.55952544;0;1;1;-0.399171125;8;8;9;5;8.375453339;268;2;-0.694440789;4;3;2;2;43.25241673;-2.502993993;0;4;2;4;-0.061449936;4;4;3;4
1.037306893;5;4;4;5;48.24481443;0;1;1;-0.399171125;8;8;9;5;5;269;4;-0.389610315;5;4;2;2;36.53811271;0.137593942;6;9;7;9;0.807266982;5;5;4;4
1.014548895;3;4;5;6;55.84415497;0;0;1;0.77114172;9;10;10;7;10.89365614;270;5;1.441909013;7;7;4;4;57.27107549;0.921887248;9;10;10;10;0.641471998;5;5;3;4
0.843566622;4;5;4;4;44.38656428;0;1;1;0.867895561;10;10;10;7;9.441425141;271;5;1.666347617;6;5;5;5;98.75365662;0.335229865;2;10;7;10;1.115493249;5;5;4;5
-0.114245956;2;4;2;4;50.91322861;0;1;1;-0.801197719;6;8;8;5;9.622345999;272;5;-0.906459007;3;4;2;1;39.68730535;-1.438302885;2;4;9;6;-0.512107486;4;4;4;2
0.405168305;2;5;3;5;59.22554889;0;0;1;0.867895561;10;10;10;7;7.792987985;273;5;1.38148383;6;4;5;5;90.63797779;-0.681292844;5;7;7;7;0.104345048;4;4;4;4
-0.478526367;2;5;1;2;40.32212853;0;0;1;-0.607690036;8;8;8;5;8.562251447;274;4;1.002660364;5;5;4;4;85.42236775;-0.574755216;3;8;7;7;-0.369676203;4;4;3;3
0.264114343;1;4;4;5;50.18575651;0;1;1;-0.887204462;7;7;8;5;6.101891957;275;2;0.570012623;6;4;3;3;75.4366155;-0.085272845;4;8;10;8;-0.369676203;4;4;3;3
0.702954793;3;3;5;5;53.24141993;0;0;1;0.867895561;10;10;10;7;6.718012425;276;5;-0.730082087;3;4;2;2;40.23321543;0.827750594;7;10;10;10;0.641471998;5;5;3;4
0.858088644;3;5;5;4;48.12498972;0;1;1;0.77114172;9;10;10;7;11.0348269;277;4;0.276438837;6;4;2;4;48.14192832;0.780682268;6;10;10;10;0.949698265;5;5;3;5
0.300510095;2;6;4;2;34.65996933;0;0;1;-0.06340492;7;9;9;6;10.92274591;278;5;-0.034643938;4;5;3;3;39.81262291;0.450251653;9;9;9;9;-0.708400896;3;5;2;2
-0.826958355;1;3;1;3;51.24628742;0;1;1;0.502374392;10;8;10;7;11.49762294;279;5;0.682563544;5;5;4;4;57.76776492;0.968955574;10;10;10;10;-0.061449936;4;4;3;4
-0.411318036;1;3;3;3;50.93973145;0;0;1;-1.217293552;10;10;0;7;10.37801223;280;5;-0.141503467;4;4;3;3;47.07553189;0.968955574;10;10;10;10;0.973061966;5;5;5;4
0.791322447;4;6;3;4;38.06108989;0;0;1;0.867895561;10;10;10;7;5;281;5;-0.472732328;4;3;3;2;49.64625067;0.733613941;5;10;10;10;0.523454294;4;5;4;4
0.673468616;5;4;3;4;45.60318502;0;0;1;-0.21641054;8;9;9;5;9.937756641;282;5;1.040491726;6;4;4;5;73.93869382;0.052893777;3;8;10;9;-0.369676203;4;4;3;3
1.712297138;5;6;5;6;45.53122711;0;1;1;0.033348921;8;9;9;6;9.702881703;283;5;-0.363667895;2;4;4;2;62.92326613;0.501310666;4;10;10;9;-0.369676203;4;4;3;3
0.754042427;3;6;3;5;48.61534761;0;0;1;0.6181361;10;10;10;6;16.76891456;284;1;0.262892021;4;4;4;2;83.94460399;-0.209657249;5;8;8;8;0.104345048;4;4;4;4
1.192440743;5;6;4;4;39.81395304;0;0;1;0.867895561;10;10;10;7;10.77283298;285;5;0.618147178;5;5;3;4;64.96310187;0.827750594;7;10;10;10;0.807266982;5;5;4;4
0.79176458;4;5;3;5;39.23071273;0;0;1;0.30886671;8;8;10;7;6.320767361;286;5;-1.112898277;4;2;2;1;38.28706237;0.827750594;7;10;10;10;0.973061966;5;5;5;4
-0.426282192;2;4;2;2;33.01017912;0;1;1;0.130102763;9;9;9;6;8.593153151;287;5;-0.098720794;4;4;3;1;80.15588886;0.309046673;6;9;9;9;-0.061449936;4;4;3;4
0.45741248;2;4;4;5;48.2676409;0;0;1;0.6181361;10;10;10;6;7.028275553;288;5;-0.712873495;2;5;4;1;30.95092564;0.462652627;5;10;9;9;0.973061966;5;5;5;4
0.649826351;3;6;4;3;34.03420876;0;0;1;0.867895561;10;10;10;7;8.501334759;289;3;0.269079462;5;5;2;3;62.2582142;0.27437932;1;10;9;9;0.35765931;4;5;3;4
0.353196404;2;4;5;3;36.44901843;0;0;1;0.6181361;10;10;10;6;11.94594484;290;5;1.839603225;6;7;5;5;80.73201928;0.261978346;5;9;9;9;-0.03095151;5;3;4;4
0.32415236;4;4;3;3;43.40296909;0;1;1;0.867895561;10;10;10;7;8.754307426;291;4;0.288600466;4;5;4;3;54.97860331;0.600819249;4;10;9;10;0.270140032;4;4;5;4
1.712297138;5;6;5;6;47.12087995;0;0;1;0.130102763;9;9;9;6;12.72690871;292;4;0.072021982;4;5;4;2;50.95949947;0.167841693;3;9;9;9;1.281288233;5;5;5;5
1.348458861;5;6;4;5;34.94467492;0;1;1;-0.704443877;7;8;8;5;4;293;3;1.886993695;6;6;6;5;88.5607226;-1.223846386;2;5;7;7;-1.072598137;3;3;3;3
-0.634102351;2;4;1;2;39.37831568;0;0;1;-0.704443877;7;8;8;5;4;294;4;-0.471140169;4;4;4;1;35.22034887;-3.629092688;1;0;2;2;-0.931216732;4;3;4;2
0.376396536;4;3;4;3;36.26816508;0;0;1;-0.786453983;9;9;7;4;10.52766791;295;3;-0.556007573;4;4;3;1;40.64882878;-0.496057895;5;7;7;8;0.104345048;4;4;4;4
0.895810797;4;4;5;4;42.97533376;0;1;1;-0.857449498;8;8;8;4;6.11858374;296;5;-0.418779444;4;4;3;3;23.12041405;-0.630233831;0;8;8;7;-0.653488891;3;4;3;3
1.712297138;5;6;5;6;59.81198597;0;1;1;-0.131142285;10;10;10;3;7.830487109;297;5;0.025966377;4;4;4;2;63.47553281;0.686545614;4;10;10;10;0.807266982;5;5;4;4
-0.11468809;2;5;2;3;43.36168335;0;0;1;-0.228667947;10;4;10;7;9;298;4;-1.056087839;3;2;3;2;32.29752491;-4.171015316;1;0;0;0;-0.203881219;4;4;4;3
-0.790120469;2;4;1;1;37.56764126;0;0;1;0.867895561;10;10;10;7;2;299;3;0.022082447;5;4;4;2;46.58498797;-2.758046817;1;0;10;3;-0.954580432;4;3;2;3
0.702070526;3;5;5;3;28.43577658;0;0;1;-0.048661185;10;10;8;5;9.905915828;300;5;0.39970691;4;4;5;4;53.61993126;-0.631260031;3;9;4;7;1.115493249;5;5;4;5
1.155160724;4;6;4;5;47.53490908;0;0;0;0.65937665;10;10;9;7;9.563815029;301;5;0.056218693;4;4;4;3;51.39708157;0.827750594;7;10;10;10;1.281288233;5;5;5;5
0.843566622;4;5;4;4;38.49435987;0;1;0;0.65937665;10;10;9;7;8.795795564;302;5;0.377253802;4;4;5;3;66.37219111;0.780682268;6;10;10;10;-0.813199028;5;3;3;2
1.311178841;4;6;4;6;57.28351695;0;0;0;-0.21641054;8;9;9;5;11.90846118;303;4;-0.174207811;4;5;4;2;29.68660105;-0.115520596;7;8;8;8;0.807266982;5;5;4;4
-0.633660217;2;3;1;3;43.21744505;0;0;0;-0.893954922;6;10;7;4;6.32375392;304;4;-0.736707316;3;5;1;1;50.61848926;-0.881967125;5;6;7;7;-0.369676203;4;4;3;3
-0.076081669;3;2;2;5;52.45279133;0;0;0;0.867895561;10;10;10;7;11.79004828;305;5;1.347594144;5;7;4;5;67.54069457;0.921887248;9;10;10;10;1.115493249;5;5;4;5
-0.426282192;2;4;2;2;35.7604821;0;1;0;-0.607690036;8;8;8;5;11.94064082;306;5;1.224153268;5;7;3;5;69.63663888;-3.617999086;0;0;7;0;-0.203881219;4;4;4;3
1.400260903;5;6;5;4;29.27953946;0;0;0;0.867895561;10;10;10;7;8.299534278;307;5;0.462256311;4;5;5;4;42.52887109;0.827750594;7;10;10;10;1.281288233;5;5;5;5
0.702512659;3;4;5;4;48.89375968;0;1;0;0.033348921;8;9;9;6;7.046221424;308;5;0.022498606;4;5;5;1;48.61248086;-0.079900915;2;8;9;9;0.807266982;5;5;4;4
0.182656265;3;4;4;2;34.96712194;0;1;0;-0.607690036;8;8;8;5;7.654012872;309;3;-1.749908569;3;1;1;1;29.06341529;-1.116046931;6;10;3;3;0.222362752;5;4;3;4
0.532414653;4;3;4;4;39.23287827;0;0;0;0.867895561;10;10;10;7;4.47619694;310;5;0.092139065;4;4;3;3;67.26096033;0.921887248;9;10;10;10;0.222362752;5;4;3;4
-0.633218084;2;2;1;4;51.99071794;0;1;0;-1.274487321;8;8;6;4;11.83901384;311;5;-0.30090071;3;3;5;4;26.14126877;-1.10889847;2;6;6;7;0.104345048;4;4;4;4
1.192440743;5;6;4;4;35.81624337;0;0;0;0.222859966;9;7;10;7;6.454686716;312;5;-0.668364839;3;3;3;1;63.99175819;-0.303793902;3;8;8;8;-0.67790247;4;4;3;2
1.141080835;5;5;3;6;51.13975676;0;1;0;0.867895561;10;10;10;7;3;313;5;-0.364515716;4;5;2;2;38.7661586;0.038085359;6;9;8;8;-0.203881219;4;4;4;3
0.687990638;4;4;4;4;50.29519153;0;1;0;0.867895561;10;10;10;7;8.984592719;314;4;1.871005528;5;7;5;5;100;0.780682268;6;10;10;10;0.664835699;5;5;5;3
0.805844468;3;6;4;4;44.91910726;0;0;0;0.085336569;10;8;8;7;6.037907094;315;5;0.033660851;4;4;4;3;49.44820826;0.827750594;7;10;10;10;0.35765931;4;5;3;4
1.207847032;4;4;5;6;55.73564757;0;0;0;-0.480913737;5;8;10;5;9.820649388;316;3;-1.159862221;4;3;1;1;30.49520858;0.733613941;5;10;10;10;-1.072598137;3;3;3;3
0.055409916;1;6;3;3;36.23930249;0;1;0;-0.607690036;8;8;8;5;12.63532083;317;3;-1.221160692;3;2;3;1;32.72822405;-0.350862229;2;8;8;8;0.333245731;5;5;3;3
0.947782698;4;5;3;6;55.2511045;0;1;0;0.033348921;8;9;9;6;8.339931091;318;2;0.994056875;7;4;4;4;68.06406848;-0.059089653;0;9;8;9;0.270140032;4;4;5;4
0.806286602;3;5;4;5;52.19998409;0;1;0;0.867895561;10;10;10;7;11.02015237;319;4;-0.354554838;5;4;3;1;41.49824135;0.257913788;4;10;5;10;-0.061449936;4;4;3;4
1.556279021;5;6;5;5;42.2480261;0;0;0;0.450857739;10;10;8;7;9.507746873;320;5;0.458776951;5;4;4;2;84.3129889;0.827750594;7;10;10;10;0.641471998;5;5;3;4
1.363423017;4;5;5;6;54.46320685;0;1;0;0.65937665;10;10;9;7;11.01493278;321;5;1.213130149;5;7;4;2;100;0.686545614;4;10;10;10;0.807266982;5;5;4;4
0.881288775;5;4;4;4;36.76978481;0;0;0;0.6181361;10;10;10;6;13.73990968;322;4;0.372276539;4;4;5;3;65.94218298;0.368515974;3;10;9;9;0.664835699;5;5;5;3
0.687548504;4;5;4;3;35.58717928;0;1;0;0.867895561;10;10;10;7;3.559108122;323;5;-0.299448347;3;4;3;2;64.67704327;0.780682268;6;10;10;10;0.641471998;5;5;3;4
1.348458861;5;6;4;5;46.05273947;0;0;0;-0.619175622;9;9;9;3;8.256549729;324;2;-0.041947174;5;4;2;3;51.88220928;0.368515974;3;10;9;9;0.641471998;5;5;3;4
1.088666801;5;5;5;3;26.4967371;0;0;0;-1.095723373;7;7;7;5;8.599432104;325;5;-1.50057583;2;2;1;3;21.28023226;-0.394892198;5;8;8;7;-1.546619387;3;3;2;2
1.088666801;5;5;5;3;25.05371233;0;1;0;0.674387879;8;10;10;7;7.730745396;326;5;-0.611709711;4;3;3;1;52.33145477;-0.444998882;0;8;8;8;0.222362752;5;4;3;4
1.556279021;5;6;5;5;38.57659509;0;1;0;0.368376638;10;10;10;5;12.75645058;327;4;0.404296957;5;4;3;3;77.67468897;0.874818921;8;10;10;10;1.281288233;5;5;5;5
1.29665682;5;6;3;6;58.67426529;0;0;0;0.867895561;10;10;10;7;10.47465757;328;3;0.811743619;5;5;4;4;68.92821214;0.639477288;3;10;10;10;0.949698265;5;5;3;5
0.480170478;4;4;3;4;44.41848305;0;0;0;0.130102763;9;9;9;6;7.131374307;329;5;0.014938929;4;3;4;3;64.3257212;0.53293966;5;9;10;10;0.222362752;5;4;3;4
1.29665682;5;6;3;6;42.93646515;0;1;0;0.867895561;10;10;10;7;10.44430666;330;5;1.078590894;6;6;4;2;88.31653847;0.592408961;2;10;10;10;0.973061966;5;5;5;4
0.829486733;5;4;3;5;48.89177588;0;0;0;0.867895561;10;10;10;7;11.83006377;331;5;0.384283995;4;5;2;4;74.07416142;-0.010640082;5;8;6;10;0.104345048;4;4;4;4
1.518999001;4;6;5;6;48.04139927;0;1;0;0.867895561;10;10;10;7;6.052647492;332;5;-1.086117613;2;4;1;2;38.78925712;-0.179409499;2;8;10;8;-0.203881219;4;4;4;3
0.635746462;4;5;3;4;40.76381648;0;0;0;0.77114172;9;10;10;7;4.709141668;333;4;-1.251392939;1;3;2;2;44.79980119;-0.916003564;3;9;5;5;-0.369676203;4;4;3;3
0.131296357;3;3;3;4;45.00317148;0;0;0;-0.06340492;7;9;9;6;11.26258494;334;5;-1.447413149;1;3;2;2;27.8647343;-0.209657249;5;8;8;8;0.807266982;5;5;4;4
0.234186032;3;6;2;3;34.62920707;0;0;0;-0.21641054;8;9;9;5;2.190839544;335;3;-0.225208609;4;5;2;1;65.49361044;0.356114999;7;9;9;9;0.641471998;5;5;3;4
-0.619580329;1;4;2;2;31.11005467;0;1;0;0.867895561;10;10;10;7;6.938583221;336;5;-1.412123133;2;3;1;1;41.81124389;0.523503172;6;10;7;10;0.973061966;5;5;5;4
0.635746462;4;5;3;4;46.38865978;0;1;0;0.867895561;10;10;10;7;15.87279832;337;5;-0.666279081;2;4;2;2;62.30043848;-0.986921511;0;8;6;6;0.523454294;4;5;4;4
1.348458861;5;6;4;5;39.74785281;0;1;0;0.867895561;10;10;10;7;10.63432607;338;5;-0.482084746;5;5;2;1;26.74593177;-0.517500072;4;4;10;10;-2.557767588;2;2;2;1
0.442006191;3;6;3;3;39.52998702;0;1;0;0.130102763;9;9;9;6;6.017030431;339;5;1.41269989;5;7;5;4;75.09700091;0.120773366;2;9;9;9;-0.369676203;4;4;3;3
1.518999001;4;6;5;6;53.01558991;0;0;0;0.033348921;8;9;9;6;8.416353538;340;4;-0.869464969;3;2;2;3;46.48918505;-0.045233563;7;7;9;9;0.641471998;5;5;3;4
1.556279021;5;6;5;5;37.88563131;0;0;0;0.867895561;10;10;10;7;8.779067213;341;5;-0.869787752;2;3;2;3;46.52130899;-0.192560803;5;10;10;5;-0.038086235;4;4;5;3
1.400703036;5;5;5;5;46.2765728;0;1;0;0.521382259;9;10;10;6;8.584935586;342;5;1.770443406;7;5;5;5;91.1919651;0.501310666;4;10;10;9;1.281288233;5;5;5;5
1.155602857;4;5;4;6;51.31537749;0;1;0;0.867895561;10;10;10;7;12.73887372;343;5;1.087615756;5;4;6;4;83.73591713;0.686545614;4;10;10;10;1.281288233;5;5;5;5
;3;4;4;;;0;0;0;0.130102763;9;9;9;6;;344;;-0.118608394;3;5;2;2;76.56619195;0.356114999;7;9;9;9;-0.061449936;4;4;3;4
1.556279021;5;6;5;5;41.77769243;0;1;0;0.130102763;9;9;9;6;11.05265811;345;5;0.482823005;5;5;4;3;55.20336679;-0.256725576;4;8;8;8;-0.369676203;4;4;3;3
-1.138552457;1;2;1;2;43.52433817;0;1;0;0.379862224;9;9;9;7;5.560881804;346;5;0.870727472;6;5;6;1;76.02423922;0.603857607;8;10;9;9;0.807266982;5;5;4;4
0.323268093;4;6;3;1;23.87243501;0;0;0;-0.380901747;10;10;10;2;1.344088536;347;4;0.337862916;6;4;3;2;70.07224369;0.921887248;9;10;10;10;-0.653488891;3;4;3;3
0.895810797;4;4;5;4;41.93623813;0;1;0;-0.801197719;6;8;8;5;9.359730781;348;4;-0.553765485;4;3;3;2;42.6454321;-1.376821427;6;6;5;5;-0.67790247;4;4;3;2
-0.441246347;3;5;1;1;26.00085045;0;1;0;0.867895561;10;10;10;7;0.1;349;5;-0.096983091;5;4;3;2;49.05893744;0.084522771;4;7;10;10;0.222362752;5;4;3;4
0.078167914;3;6;2;2;34.75071702;0;0;0;0.130102763;9;9;9;6;13.33218194;350;5;-1.38961799;2;4;2;1;14.50002397;-0.303793902;3;8;8;8;-0.788785449;4;3;3;3
1.556279021;5;6;5;5;37.29430252;0;0;0;-0.052657822;9;8;9;6;3.020958233;351;3;-0.341723598;4;3;3;3;46.27259894;0.356114999;7;9;9;9;0.641471998;5;5;3;4
0.635746462;4;5;3;4;46.05716213;0;0;0;0.77114172;9;10;10;7;10.27084074;352;5;0.910706177;5;4;5;4;81.21245996;0.827750594;7;10;10;10;0.973061966;5;5;5;4
0.479728345;4;5;3;3;40.56193013;0;1;0;0.033348921;8;9;9;6;9.39218871;353;2;1.274445771;5;6;3;5;90.47661824;0.206499731;2;9;10;9;0.807266982;5;5;4;4
0.442890458;3;4;3;5;47.8955531;0;0;0;0.867895561;10;10;10;7;10.76811271;354;5;-0.272852984;4;4;3;2;50.41974158;0.827750594;7;10;10;10;-0.085863515;5;4;3;3
0.650268484;3;5;4;4;36.40719531;0;1;0;0.130102763;9;9;9;6;3.89978698;355;5;0.307117067;5;4;4;2;71.21040989;-0.256725576;4;8;8;8;-0.369676203;4;4;3;3
1.207404899;4;5;5;5;45.16880462;0;0;0;0.242338827;10;10;7;7;8.668806649;356;5;1.171360567;7;5;3;5;64.95561889;0.968955574;10;10;10;10;1.281288233;5;5;5;5
1.051386781;4;5;5;4;42.00670003;0;1;0;-2.917822274;4;5;5;2;7.50068306;357;3;-1.068461168;2;3;2;2;44.04910445;-1.580534065;2;5;5;6;-0.203881219;4;4;4;3
0.985062718;5;5;3;5;44.0919397;0;1;0;-1.248728994;8;7;7;4;15.10851203;358;3;-0.358505362;5;4;4;1;28.39638149;-0.899813901;4;7;5;7;-0.369676203;4;4;3;3
-0.322508249;2;5;1;3;44.57628433;0;0;0;0.226856604;10;9;9;6;8.93920884;359;5;0.168434187;5;5;2;3;53.56301656;0.184662269;7;9;7;9;-0.203881219;4;4;4;3
1.556279021;5;6;5;5;40.86401764;0;0;0;0.867895561;10;10;10;7;12.48255686;360;5;-1.25242968;3;2;1;1;55.54786836;0.827750594;7;10;10;10;-1.262806699;4;3;2;2
1.712297138;5;6;5;6;39.06115536;0;0;0;0.867895561;10;10;10;7;6.871096609;361;5;-0.488749639;3;5;2;3;29.89594145;0.639477288;3;10;10;10;0.807266982;5;5;4;4
1.348900995;5;5;4;6;53.76982541;0;0;0;0.867895561;10;10;10;7;10.52350772;362;5;0.711059098;5;5;4;4;60.22962382;-0.017393256;3;9;9;8;0.049433043;4;5;3;3
1.155602857;4;5;4;6;54.40538933;0;0;0;0.867895561;10;10;10;7;10.81104829;363;4;0.019514312;4;4;2;3;73.74713791;0.553750922;3;10;9;10;1.281288233;5;5;5;5
-0.218019899;2;3;3;3;41.73644237;0;1;0;0.65937665;10;10;9;7;7.225946168;364;3;0.972957431;5;6;4;4;66.36121387;0.686545614;4;10;10;10;-0.085863515;5;4;3;3
0.664790506;2;5;5;4;40.16455955;0;1;0;-0.235418407;9;7;9;6;10.1823178;365;5;-0.194300062;4;4;3;2;57.20628156;0.874818921;8;10;10;10;0.333245731;5;5;3;3
0.093574203;2;4;3;4;53.09754024;0;0;0;-2.821068433;5;5;5;2;11.95466899;366;4;-0.159588311;4;4;2;3;58.2736573;-0.115520596;7;8;8;8;-0.369676203;4;4;3;3
0.131296357;3;3;3;4;47.58283155;0;1;0;0.867895561;10;10;10;7;15.14807636;367;5;1.856300261;6;7;6;5;69.41399493;-0.421149262;2;9;7;7;0.388157736;5;4;4;4
-0.270706207;2;5;2;2;39.89193786;0;1;0;-0.607690036;8;8;8;5;12.16944439;368;5;0.450334141;6;5;2;3;61.3626259;-0.256725576;4;8;8;8;0.35765931;4;5;3;4
0.687990638;4;4;4;4;46.89649986;0;0;0;0.130102763;9;9;9;6;11.57065036;369;5;0.59224231;5;5;4;4;49.96450755;0.167841693;3;9;9;9;-0.061449936;4;4;3;4
1.400703036;5;5;5;5;42.21989054;0;0;0;-0.607690036;8;8;8;5;4.615900436;370;5;-2.32185298;1;1;2;1;0;-0.209657249;5;8;8;8;-0.203881219;4;4;4;3
-0.255299918;1;3;3;4;47.30754467;0;1;0;0.6181361;10;10;10;6;6.013857647;371;5;0.159039531;5;4;3;2;71.17788244;0.780682268;6;10;10;10;1.281288233;5;5;5;5
1.192440743;5;6;4;4;34.12044646;0;0;0;0.867895561;10;10;10;7;13.32590785;372;3;-1.018537704;2;2;3;3;37.40455975;0.520538686;9;8;10;10;-0.788785449;4;3;3;3
1.207404899;4;5;5;5;47.23781148;0;1;0;0.379862224;9;9;9;7;11.83977339;373;5;0.665198418;5;5;4;3;70.95959835;0.780682268;6;10;10;10;-0.061449936;4;4;3;4
1.140638702;5;6;3;5;50.98932133;0;0;0;-1.248728994;8;7;7;4;14.86653821;374;5;-0.007111239;5;4;2;3;54.89184222;0.356114999;7;9;9;9;0.641471998;5;5;3;4
1.362980883;4;6;5;5;46.25844141;0;0;0;0.867895561;10;10;10;7;14.01110213;375;5;1.26615496;4;6;5;5;80.79421967;-0.132341172;3;8;10;8;0.831680561;4;5;4;5
1.013664628;3;6;5;4;36.99174171;0;0;0;-0.607690036;8;8;8;5;9.181447568;376;4;-2.080036113;1;1;2;1;20.89164593;0.356114999;7;9;9;9;-0.369676203;4;4;3;3
0.442448325;3;5;3;4;43.6590859;0;1;0;0.867895561;10;10;10;7;11.36661985;377;4;-0.026880283;6;5;2;2;34.82601185;0.686545614;4;10;10;10;1.115493249;5;5;4;5
1.400260903;5;6;5;4;35.64939065;0;0;0;-2.917822274;4;5;5;2;9.49908843;378;2;-0.734930359;5;4;1;1;34.15700333;-1.331134344;3;7;7;4;-0.504972761;5;3;3;3
1.348458861;5;6;4;5;48.62172605;0;0;0;0.033348921;8;9;9;6;7.338768969;379;2;-0.939340351;3;3;2;1;53.34152224;0.261978346;5;9;9;9;0.807266982;5;5;4;4
1.155602857;4;5;4;6;54.6477431;0;0;0;0.867895561;10;10;10;7;10.85137663;380;5;-1.267132815;3;2;4;1;15.99592932;0.562161211;5;10;8;10;0.388157736;5;4;4;4
1.712297138;5;6;5;6;41.09806763;0;0;0;-0.052657822;9;8;9;6;7.040748692;381;5;0.455121298;3;6;5;1;86.0487102;0.356114999;7;9;9;9;0.270140032;4;4;5;4
0.532414653;4;3;4;4;47.03410114;0;1;0;0.867895561;10;10;10;7;4.776556028;382;4;-0.51350894;4;4;2;1;57.0810331;0.780682268;6;10;10;10;0.333245731;5;5;3;3
0.895368663;4;5;5;3;37.28009121;0;1;0;0.867895561;10;10;10;7;8.853692554;383;5;0.589535257;5;5;5;2;66.35424621;0.780682268;6;10;10;10;0.104345048;4;4;4;4
0.078610048;3;5;2;3;42.29487365;0;1;0;0.867895561;10;10;10;7;13.93852271;384;5;0.270984284;5;5;2;3;62.42278031;-1.397356819;4;7;10;2;0.641471998;5;5;3;4
0.078610048;3;5;2;3;42.33899877;0;1;0;0.867895561;10;10;10;7;10.15491372;385;5;-1.178644929;3;3;3;1;19.90636788;0.874818921;8;10;10;10;0.664835699;5;5;5;3
-0.232541921;3;3;2;3;34.7425956;0;1;0;0.867895561;10;10;10;7;8.158692704;386;5;-1.635454762;2;1;1;1;55.50658868;0.592408961;2;10;10;10;0.025019464;5;5;3;2
1.206962765;4;6;5;4;38.06423552;0;0;0;0.6181361;10;10;10;6;3.135267898;387;5;-0.400854692;4;3;3;3;41.163998;0.827750594;7;10;10;10;0.973061966;5;5;5;4
0.85764651;3;6;5;3;28.49908031;0;1;0;0.085336569;10;8;8;7;4.001787309;388;5;1.174088097;6;6;5;3;69.11432988;0.780682268;6;10;10;10;0.104345048;4;4;4;4
1.504476979;5;6;4;6;55.85948622;0;0;0;0.867895561;10;10;10;7;9.081596114;389;5;0.249651357;4;4;3;4;66.17707034;0.921887248;9;10;10;10;-3.142671818;2;1;1;1
0.272350319;4;4;2;4;39.86142464;0;1;0;0.130102763;9;9;9;6;2.979294987;390;3;-0.451422558;5;3;2;2;47.6928593;0.588418275;8;9;9;10;0.55395272;5;4;5;4
-0.010472014;2;5;1;5;56.0935198;0;1;0;-0.607690036;8;8;8;5;20;391;5;2.146247472;7;7;5;5;90.66939935;0.194098757;6;8;10;9;-0.061449936;4;4;3;4
1.192440743;5;6;4;4;37.66188595;0;0;0;0.287372514;4;10;10;7;11.24853925;392;4;-1.238356955;3;3;2;1;27.508134;0.733613941;5;10;10;10;-0.085863515;5;4;3;3
0.985062718;5;5;3;5;46.02735025;0;1;0;0.226856604;10;9;9;6;13.08152801;393;5;0.096802751;4;4;4;1;84.28749028;0.686545614;4;10;10;10;0.807266982;5;5;4;4
-0.70015414;3;2;2;1;40.02965858;0;1;0;0.368376638;10;10;10;5;10.20740178;394;5;2.210327509;6;7;6;5;100;0.120773366;2;9;9;9;0.973061966;5;5;5;4
1.089108934;5;4;5;4;42.09661475;0;1;0;0.77114172;9;10;10;7;0.1;395;3;-0.457299619;4;4;3;2;34.48456777;0.149994916;2;10;7;9;0.641471998;5;5;3;4
1.192882877;5;5;4;5;49.24064367;0;1;0;0.435375515;10;9;10;6;7.608116453;396;5;-0.225142493;4;4;3;2;54.54166533;0.12780241;0;10;10;8;0.35765931;4;5;3;4
1.311178841;4;6;4;6;53.68947643;0;1;0;0.77114172;9;10;10;7;9.008675673;397;5;0.748680009;4;5;4;4;80.03485802;0.407174012;2;10;10;9;0.665885577;4;5;3;5
0.754042427;3;6;3;5;54.36180952;0;1;0;0.130102763;9;9;9;6;15.19060979;398;3;0.804816739;5;5;4;4;68.3297678;0.403183326;8;9;9;9;0.973061966;5;5;5;4
0.286430207;3;5;3;3;37.89175321;0;0;0;0.867895561;10;10;10;7;11.55899131;399;5;-0.234099359;4;4;3;1;68.4599262;0.733613941;5;10;10;10;0.104345048;4;4;4;4
1.362980883;4;6;5;5;42.41450351;0;0;0;0.033348921;8;9;9;6;6.947928977;400;2;-0.963622021;3;3;3;1;38.48316333;-0.80161269;7;6;9;6;-1.546619387;3;3;2;2
